ESTU_TIPODOCUMENTO,ESTU_NACIONALIDAD,ESTU_GENERO,ESTU_FECHANACIMIENTO,ESTU_CONSECUTIVO,ESTU_TIENEETNIA,ESTU_DEPTO_RESIDE,ESTU_COD_RESIDE_DEPTO,ESTU_MCPIO_RESIDE,ESTU_COD_RESIDE_MCPIO,FAMI_ESTRATOVIVIENDA,FAMI_PERSONASHOGAR,FAMI_CUARTOSHOGAR,FAMI_EDUCACIONPADRE,FAMI_EDUCACIONMADRE,FAMI_TRABAJOLABORPADRE,FAMI_TRABAJOLABORMADRE,FAMI_TIENEINTERNET,FAMI_TIENESERVICIOTV,FAMI_TIENECOMPUTADOR,FAMI_TIENELAVADORA,FAMI_TIENEHORNOMICROOGAS,FAMI_TIENEAUTOMOVIL,FAMI_TIENEMOTOCICLETA,FAMI_TIENECONSOLAVIDEOJUEGOS,FAMI_NUMLIBROS,ESTU_DEDICACIONLECTURADIARIA,ESTU_DEDICACIONINTERNET,ESTU_HORASSEMANATRABAJA,COLE_CODIGO_ICFES,COLE_NOMBRE_ESTABLECIMIENTO,COLE_GENERO,COLE_NATURALEZA,COLE_CARACTER,COLE_AREA_UBICACION,COLE_JORNADA,COLE_COD_MCPIO_UBICACION,COLE_MCPIO_UBICACION,COLE_COD_DEPTO_UBICACION,COLE_DEPTO_UBICACION,PUNT_LECTURA_CRITICA,PERCENTIL_LECTURA_CRITICA,DESEMP_LECTURA_CRITICA,PUNT_MATEMATICAS,PERCENTIL_MATEMATICAS,DESEMP_MATEMATICAS,PUNT_C_NATURALES,PERCENTIL_C_NATURALES,DESEMP_C_NATURALES,PUNT_SOCIALES_CIUDADANAS,PERCENTIL_SOCIALES_CIUDADANAS,DESEMP_SOCIALES_CIUDADANAS,PUNT_INGLES,PERCENTIL_INGLES,DESEMP_INGLES,PUNT_GLOBAL,PERCENTIL_GLOBAL
TI,COLOMBIA,M,02/18/2002 12:00:00 AM,SB11201940031558,No,MAGDALENA,47,SANTA ANA,47707,Estrato 3,5 a 6,Cinco,Educación profesional completa,Secundaria (Bachillerato) completa,No aplica,"Trabaja en el hogar, no trabaja o estudia",Si,Si,No,Si,Si,No,No,No,MÁS DE 100 LIBROS,Entre 30 y 60 minutos,Entre 30 y 60 minutos,Menos de 10 horas,39008,INSTITUCION EDUCATIVA DEPARTAMENTAL ANTONIO BRUJES CARMONA,MIXTO,OFICIAL,TÉCNICO/ACADÉMICO,URBANO,MAÑANA,47707,SANTA ANA,47,MAGDALENA,47,33,2,48,42,2,37,15,1,30,8,1,54,67,A1,208,25
TI,COLOMBIA,M,06/28/2003 12:00:00 AM,SB11201940303339,No,BOGOTÁ,11,BOGOTÁ D.C.,11001,Estrato 3,9 o más,Tres,Técnica o tecnológica completa,Técnica o tecnológica completa,"Trabaja por cuenta propia (por ejemplo plomero, electricista)","Es dueño de un negocio pequeño (tiene pocos empleados o no tiene, por ejemplo tienda, papelería, etc",Si,Si,Si,Si,Si,Si,No,No,MÁS DE 100 LIBROS,Entre 30 y 60 minutos,Entre 30 y 60 minutos,Menos de 10 horas,128611,GIMN SAN ANGELO,MIXTO,NO OFICIAL,ACADÉMICO,URBANO,COMPLETA,11001,BOGOTÁ D.C.,11,BOGOTÁ,60,76,3,65,88,3,54,71,2,59,83,3,63,88,A2,299,83
TI,COLOMBIA,M,06/02/2001 00:00,SB11201940255017,No,BOLIVAR,13,CARTAGENA DE INDIAS,13001,Estrato 1,5 a 6,Dos,Secundaria (Bachillerato) completa,Secundaria (Bachillerato) completa,Es vendedor o trabaja en atención al público,Es vendedor o trabaja en atención al público,No,Si,No,Si,No,No,No,No,26 A 100 LIBROS,Entre 30 y 60 minutos,Más de 3 horas,0,35493,INSTITUCION EDUCATIVA PROMOCION SOCIAL DE C/GENA.,MIXTO,OFICIAL,TÉCNICO/ACADÉMICO,URBANO,MAÑANA,13001,CARTAGENA DE INDIAS,13,BOLIVAR,66,91,4,57,70,3,41,29,2,74,99,4,64,89,A2,299,84
TI,COLOMBIA,M,04/26/2002 12:00:00 AM,SB11201940154799,Si,BOGOTÁ,11,BOGOTÁ D.C.,11001,Estrato 3,3 a 4,Dos,Primaria incompleta,Secundaria (Bachillerato) completa,No aplica,"Es dueño de un negocio pequeño (tiene pocos empleados o no tiene, por ejemplo tienda, papelería, etc",No,No,Si,No,No,No,No,No,11 A 25 LIBROS,30 minutos o menos,Entre 30 y 60 minutos,Más de 30 horas,138032,COLEGIO VIRGINIA GUTIERREZ DE PINEDA (IED),MIXTO,OFICIAL,ACADÉMICO,URBANO,MAÑANA,11001,BOGOTÁ D.C.,11,BOGOTÁ,62,81,3,54,60,3,61,87,3,73,99,4,53,67,A1,309,88
TI,COLOMBIA,M,02/05/2002 00:00,SB11201940280831,No,BOGOTÁ,11,BOGOTÁ D.C.,11001,Estrato 3,3 a 4,Cuatro,Secundaria (Bachillerato) completa,Secundaria (Bachillerato) incompleta,"Trabaja en el hogar, no trabaja o estudia","Trabaja en el hogar, no trabaja o estudia",Si,Si,Si,Si,Si,No,No,No,26 A 100 LIBROS,No leo por entretenimiento,Más de 3 horas,Más de 30 horas,217406,COLEGIO PALERMO  IEDIP  (IED),MIXTO,OFICIAL,TÉCNICO/ACADÉMICO,URBANO,MAÑANA,11001,BOGOTÁ D.C.,11,BOGOTÁ,63,85,3,57,70,3,55,74,2,57,79,3,52,63,A1,288,78
CC,COLOMBIA,M,04/08/1999 00:00,SB11201940212273,No,ATLANTICO,8,SOLEDAD,8758,-,3 a 4,Dos,-,,"Trabaja por cuenta propia (por ejemplo plomero, electricista)","Trabaja en el hogar, no trabaja o estudia",-,,Si,No,No,No,No,No,-,-,,Menos de 10 horas,706101,INSTITUTO PARA LA CAPACITACIÓN SIMÓN RODRÍGUEZ,MIXTO,NO OFICIAL,,URBANO,NOCHE,8758,SOLEDAD,8,ATLANTICO,49,37,2,29,4,1,41,26,2,41,39,2,35,14,A-,198,19
TI,COLOMBIA,M,11/09/2002 00:00,SB11201940220718,Si,VALLE,76,CALI,76001,Estrato 4,3 a 4,Tres,Técnica o tecnológica completa,Postgrado,"Trabaja en el hogar, no trabaja o estudia","Trabaja como profesional (por ejemplo médico, abogado, ingeniero)",Si,Si,Si,Si,Si,Si,No,No,MÁS DE 100 LIBROS,30 minutos o menos,Entre 30 y 60 minutos,0,16659,CORPORACION EDUCATIVA ADVENTISTA- CÁMBULOS,MIXTO,NO OFICIAL,ACADÉMICO,URBANO,MAÑANA,76001,CALI,76,VALLE,76,100,4,70,96,3,70,98,3,68,96,3,72,96,B1,355,99
TI,COLOMBIA,M,08/14/2002 12:00:00 AM,SB11201940334295,No,SANTANDER,68,BUCARAMANGA,68001,Estrato 3,3 a 4,Dos,Educación profesional completa,Educación profesional completa,"Tiene un trabajo de tipo auxiliar administrativo (por ejemplo, secretario o asistente)","Trabaja en el hogar, no trabaja o estudia",Si,Si,Si,Si,No,No,No,No,MÁS DE 100 LIBROS,Entre 1 y 2 horas,Más de 3 horas,Menos de 10 horas,709261,IE ESCUELA NORMAL SUPERIOR DE BUCARAMANGA,MIXTO,OFICIAL,TÉCNICO/ACADÉMICO,URBANO,UNICA,68001,BUCARAMANGA,68,SANTANDER,57,67,3,65,88,3,63,90,3,66,95,3,60,83,A2,313,89
TI,COLOMBIA,M,04/14/2002 12:00:00 AM,SB11201940200325,No,CUNDINAMARCA,25,SOACHA,25754,Estrato 3,5 a 6,Cuatro,No sabe,Secundaria (Bachillerato) completa,No sabe,"Tiene un trabajo de tipo auxiliar administrativo (por ejemplo, secretario o asistente)",Si,Si,Si,Si,Si,No,No,No,26 A 100 LIBROS,No leo por entretenimiento,Entre 1 y 3 horas,0,9233,INSTITUCION EDUCATIVA INTEGRADO DE SOACHA,MIXTO,OFICIAL,ACADÉMICO,URBANO,TARDE,25754,SOACHA,25,CUNDINAMARCA,62,83,3,62,82,3,66,95,3,39,33,1,63,88,A2,288,78
TI,COLOMBIA,M,12/07/2002 00:00,SB11201940059113,No,SUCRE,70,SINCELEJO,70001,Estrato 3,5 a 6,Tres,Secundaria (Bachillerato) completa,Técnica o tecnológica completa,"Es dueño de un negocio pequeño (tiene pocos empleados o no tiene, por ejemplo tienda, papelería, etc",Es vendedor o trabaja en atención al público,Si,Si,Si,Si,No,Si,No,No,11 A 25 LIBROS,Entre 30 y 60 minutos,Entre 30 y 60 minutos,0,179630,CENTRO EDUCATIVO LICEO PANAMERICANO,MIXTO,NO OFICIAL,ACADÉMICO,URBANO,MAÑANA,70001,SINCELEJO,70,SUCRE,68,94,4,66,91,3,63,91,3,77,100,4,51,61,A1,336,95
TI,COLOMBIA,M,01/07/2001 00:00,SB11201940143372,No,BOLIVAR,13,MONTECRISTO,13458,Estrato 1,7 a 8,Dos,Secundaria (Bachillerato) incompleta,Secundaria (Bachillerato) incompleta,Es vendedor o trabaja en atención al público,Es vendedor o trabaja en atención al público,No,No,No,Si,No,No,No,No,0 A 10 LIBROS,Entre 30 y 60 minutos,No Navega Internet,Menos de 10 horas,71332,I.E.T.A. Y MINERA MONTECRISTO,MIXTO,OFICIAL,TÉCNICO,URBANO,MAÑANA,13458,MONTECRISTO,13,BOLIVAR,42,17,2,40,19,2,28,2,1,39,33,1,38,21,A-,187,13
TI,COLOMBIA,M,02/19/2001 12:00:00 AM,SB11201940420344,No,MAGDALENA,47,CONCORDIA,47205,Estrato 3,5 a 6,Tres,Primaria completa,Educación profesional completa,"Trabaja en el hogar, no trabaja o estudia","Trabaja como profesional (por ejemplo médico, abogado, ingeniero)",Si,Si,Si,Si,Si,No,Si,Si,MÁS DE 100 LIBROS,30 minutos o menos,Entre 30 y 60 minutos,Menos de 10 horas,648451,INSTITUCION EDUCATIVA DEPARTAMENTAL LUZ MARINA CABALLERO,MIXTO,OFICIAL,ACADÉMICO,RURAL,MAÑANA,47205,CONCORDIA,47,MAGDALENA,38,10,2,31,6,1,41,27,2,26,3,1,24,1,A-,166,5
TI,COLOMBIA,M,06/18/2001 12:00:00 AM,SB11201940168727,No,BOGOTÁ,11,BOGOTÁ D.C.,11001,Estrato 4,3 a 4,Tres,No sabe,No sabe,No sabe,No sabe,Si,Si,Si,Si,Si,Si,Si,Si,26 A 100 LIBROS,Entre 30 y 60 minutos,Entre 30 y 60 minutos,0,195073,COLEGIO UNILATINA,MIXTO,NO OFICIAL,ACADÉMICO,URBANO,MAÑANA,11001,BOGOTÁ D.C.,11,BOGOTÁ,64,86,3,56,65,3,59,82,3,60,86,3,68,93,B1,302,85
TI,COLOMBIA,M,05/03/2003 00:00,SB11201940394902,No,BOGOTÁ,11,BOGOTÁ D.C.,11001,Estrato 3,3 a 4,Dos,Secundaria (Bachillerato) completa,Postgrado,"Es operario de máquinas o conduce vehículos (taxita, chofer)","Trabaja como profesional (por ejemplo médico, abogado, ingeniero)",Si,Si,Si,Si,Si,Si,No,Si,26 A 100 LIBROS,No leo por entretenimiento,Entre 1 y 3 horas,0,45146,COL JOSE JOAQUIN VARGAS,MIXTO,NO OFICIAL,ACADÉMICO,URBANO,COMPLETA,11001,BOGOTÁ D.C.,11,BOGOTÁ,52,50,3,66,90,3,54,69,2,52,67,2,58,78,A2,281,74
CC,COLOMBIA,M,03/22/1999 12:00:00 AM,SB11201940316873,No,ANTIOQUIA,5,MEDELLÍN,5001,Estrato 3,7 a 8,Tres,Secundaria (Bachillerato) incompleta,Secundaria (Bachillerato) incompleta,"Trabaja en el hogar, no trabaja o estudia","Es dueño de un negocio pequeño (tiene pocos empleados o no tiene, por ejemplo tienda, papelería, etc",No,Si,Si,Si,Si,No,No,No,0 A 10 LIBROS,No leo por entretenimiento,Entre 1 y 3 horas,Más de 30 horas,43711,INST EDUC JUAN MARIA CESPEDES,MIXTO,OFICIAL,TÉCNICO/ACADÉMICO,URBANO,NOCHE,5001,MEDELLÍN,5,ANTIOQUIA,54,54,3,49,46,2,40,25,1,33,16,1,44,38,A-,220,33
TI,COLOMBIA,M,04/24/2004 12:00:00 AM,SB11201940451880,Si,CESAR,20,EL PASO,20250,Estrato 1,5 a 6,Dos,Secundaria (Bachillerato) completa,Educación profesional incompleta,"Es dueño de un negocio pequeño (tiene pocos empleados o no tiene, por ejemplo tienda, papelería, etc","Trabaja en el hogar, no trabaja o estudia",Si,Si,Si,Si,No,No,Si,No,0 A 10 LIBROS,No leo por entretenimiento,30 minutos o menos,0,57323,I.E. BENITO RAMOS TRESPALACIOS,MIXTO,OFICIAL,TÉCNICO/ACADÉMICO,RURAL,MAÑANA,20250,EL PASO,20,CESAR,52,49,3,55,65,3,61,86,3,50,63,2,46,45,A-,269,67
TI,COLOMBIA,M,05/22/2002 12:00:00 AM,SB11201940205243,No,BOYACA,15,DUITAMA,15238,Estrato 3,-,,Secundaria (Bachillerato) incompleta,Secundaria (Bachillerato) completa,-,,Si,Si,-,,-,,-,,26 A 100 LIBROS,Entre 30 y 60 minutos,30 minutos o menos,-,24760,COLEGIO GUILLERMO LEON VALENCIA,MIXTO,OFICIAL,TÉCNICO/ACADÉMICO,URBANO,MAÑANA,15238,DUITAMA,15,BOYACA,63,85,3,68,93,3,54,71,2,69,97,3,67,92,A2,319,91
TI,COLOMBIA,M,04/07/2003 00:00,SB11201940165341,No,HUILA,41,NEIVA,41001,Estrato 2,3 a 4,Uno,Primaria completa,Educación profesional completa,"Es operario de máquinas o conduce vehículos (taxita, chofer)","Trabaja como profesional (por ejemplo médico, abogado, ingeniero)",Si,Si,Si,Si,Si,No,Si,Si,MÁS DE 100 LIBROS,30 minutos o menos,Entre 1 y 3 horas,0,81364,COL  COOPERATIVO UTRAHUILCA,MIXTO,NO OFICIAL,TÉCNICO,URBANO,COMPLETA,41001,NEIVA,41,HUILA,48,36,2,54,60,3,58,80,3,50,62,2,55,70,A1,263,64
TI,COLOMBIA,M,08/08/2001 00:00,SB11201940448382,No,VALLE,76,RESTREPO,76606,-,,-,,-,,-,,-,,-,,-,,-,,-,,-,18770,IE JORGE ELIECER GAITAN,MIXTO,OFICIAL,TÉCNICO/ACADÉMICO,URBANO,MAÑANA,76606,RESTREPO,76,VALLE,52,47,3,55,64,3,49,53,2,32,12,1,44,38,A-,234,43
TI,COLOMBIA,M,10/29/2001 12:00:00 AM,SB11201940182797,No,ATLANTICO,8,BARRANQUILLA,8001,-,3 a 4,-,,-,"Trabaja en el hogar, no trabaja o estudia","Es dueño de un negocio pequeño (tiene pocos empleados o no tiene, por ejemplo tienda, papelería, etc",-,,Si,No,Si,No,Si,No,-,-,,0,153437,INSTITUTO REINA DE LOS ANGELES,MIXTO,NO OFICIAL,ACADÉMICO,URBANO,MAÑANA,8001,BARRANQUILLA,8,ATLANTICO,61,78,3,38,16,2,44,37,2,45,51,2,54,67,A1,238,46
TI,COLOMBIA,M,11/20/2002 12:00:00 AM,SB11201940012338,No,BOGOTÁ,11,BOGOTÁ D.C.,11001,Estrato 2,3 a 4,Uno,Educación profesional incompleta,Educación profesional completa,"Trabaja como profesional (por ejemplo médico, abogado, ingeniero)","Trabaja en el hogar, no trabaja o estudia",Si,Si,Si,Si,Si,No,No,Si,26 A 100 LIBROS,Entre 1 y 2 horas,Más de 3 horas,0,56242,LIC PSICOPEDAG TIBABITA,MIXTO,NO OFICIAL,ACADÉMICO,URBANO,COMPLETA,11001,BOGOTÁ D.C.,11,BOGOTÁ,55,61,3,64,86,3,57,80,3,57,80,3,59,82,A2,292,80
TI,COLOMBIA,M,03/19/2002 12:00:00 AM,SB11201940107308,No,BOGOTÁ,11,BOGOTÁ D.C.,11001,Estrato 2,3 a 4,Dos,Técnica o tecnológica completa,Secundaria (Bachillerato) completa,"Trabaja por cuenta propia (por ejemplo plomero, electricista)","Tiene un trabajo de tipo auxiliar administrativo (por ejemplo, secretario o asistente)",Si,Si,Si,Si,No,No,No,Si,0 A 10 LIBROS,30 minutos o menos,Entre 1 y 3 horas,0,79780,COLEGIO RAMON DE ZUBIRIA (IED),MIXTO,OFICIAL,ACADÉMICO,URBANO,MAÑANA,11001,BOGOTÁ D.C.,11,BOGOTÁ,57,67,3,51,50,3,45,42,2,38,29,1,56,74,A1,242,49
TI,COLOMBIA,M,06/20/2002 12:00:00 AM,SB11201940446557,No,ATLANTICO,8,GALAPA,8296,Estrato 2,3 a 4,Tres,Técnica o tecnológica completa,Técnica o tecnológica completa,"Es dueño de un negocio grande, tiene un cargo de nivel directivo o gerencial","Trabaja en el hogar, no trabaja o estudia",Si,Si,Si,Si,Si,No,No,No,0 A 10 LIBROS,30 minutos o menos,Entre 1 y 3 horas,0,706796,INSTITUCIÓN EDUCATIVA TECNICA VILLA OLIMPICA,MIXTO,OFICIAL,,URBANO,UNICA,8296,GALAPA,8,ATLANTICO,58,70,3,57,69,3,49,54,2,42,41,2,64,90,A2,262,63
TI,COLOMBIA,M,01/16/2002 12:00:00 AM,SB11201940421389,No,ATLANTICO,8,BARRANQUILLA,8001,-,,-,,-,,-,,-,,-,,-,,-,,-,,-,709345,INSTITUCION EDUCATIVA DISTRITAL SAGRADO CORAZON DE JESUS,MIXTO,OFICIAL,ACADÉMICO,URBANO,UNICA,8001,BARRANQUILLA,8,ATLANTICO,34,5,1,39,18,2,38,18,1,28,5,1,24,1,A-,170,6
TI,COLOMBIA,M,10/26/2002 12:00:00 AM,SB11201940562586,No,CASANARE,85,YOPAL,85001,Estrato 3,3 a 4,Cuatro,Educación profesional completa,Técnica o tecnológica completa,"Trabaja como profesional (por ejemplo médico, abogado, ingeniero)","Es dueño de un negocio pequeño (tiene pocos empleados o no tiene, por ejemplo tienda, papelería, etc",Si,Si,Si,Si,Si,Si,No,Si,26 A 100 LIBROS,Entre 30 y 60 minutos,Entre 30 y 60 minutos,Menos de 10 horas,638452,COLEGIO SAN MATEO APOSTOL,MIXTO,NO OFICIAL,,URBANO,COMPLETA,85001,YOPAL,85,CASANARE,48,34,2,71,96,4,61,88,3,55,75,2,69,94,B1,298,83
CC,COLOMBIA,M,07/28/2000 12:00:00 AM,SB11201940507519,Si,BOGOTÁ,11,BOGOTÁ D.C.,11001,Estrato 4,3 a 4,Uno,Postgrado,Ninguno,Es vendedor o trabaja en atención al público,"Trabaja por cuenta propia (por ejemplo plomero, electricista)",No,Si,No,Si,No,No,No,No,0 A 10 LIBROS,Entre 30 y 60 minutos,30 minutos o menos,Más de 30 horas,34884,COLEGIO INTEGRADO DE FONTIBON IBEP  (IED),MIXTO,OFICIAL,ACADÉMICO,URBANO,NOCHE,11001,BOGOTÁ D.C.,11,BOGOTÁ,75,100,4,73,97,4,59,83,3,75,100,4,64,89,A2,350,98
TI,COLOMBIA,M,09/13/2002 12:00:00 AM,SB11201940475871,No,ATLANTICO,8,BARANOA,8078,Estrato 2,3 a 4,Dos,Secundaria (Bachillerato) completa,Técnica o tecnológica completa,"Trabaja como personal de limpieza, mantenimiento, seguridad o construcción","Trabaja como personal de limpieza, mantenimiento, seguridad o construcción",Si,Si,Si,Si,No,No,No,Si,0 A 10 LIBROS,30 minutos o menos,Entre 1 y 3 horas,0,724047,INSTITUCION EDUCATIVA TECNICO INDUSTRIAL PEDRO A. OÑORO DE BARANOA,MIXTO,OFICIAL,TÉCNICO/ACADÉMICO,URBANO,UNICA,8078,BARANOA,8,ATLANTICO,53,53,3,56,65,3,54,71,2,55,76,2,64,89,A2,276,72
TI,COLOMBIA,M,08/28/2001 12:00:00 AM,SB11201940372863,No,BOGOTÁ,11,BOGOTÁ D.C.,11001,Estrato 2,3 a 4,Dos,Secundaria (Bachillerato) completa,Secundaria (Bachillerato) completa,"Es operario de máquinas o conduce vehículos (taxita, chofer)",Es vendedor o trabaja en atención al público,Si,Si,Si,Si,Si,Si,No,No,26 A 100 LIBROS,30 minutos o menos,Entre 30 y 60 minutos,0,80093,COL SUPERIOR DE OCCIDENTE,MIXTO,NO OFICIAL,TÉCNICO,URBANO,COMPLETA,11001,BOGOTÁ D.C.,11,BOGOTÁ,53,54,3,48,43,2,43,32,2,46,54,2,46,46,A-,237,45
CC,COLOMBIA,F,12/01/1999 00:00,SB11201940419057,Si,CAUCA,19,CORINTO,19212,-,,-,,-,,-,,-,,-,,-,,-,,-,,-,711671,INSTITUCION EDUCATIVA CARMENCITA CARDONA DE GUTIERREZ,MIXTO,OFICIAL,TÉCNICO,RURAL,SABATINA,19212,CORINTO,19,CAUCA,40,14,2,43,26,2,39,22,1,39,33,1,36,16,A-,200,20
PEP,COLOMBIA,M,08/06/2002 00:00,SB11201940568290,No,CASANARE,85,YOPAL,85001,Estrato 2,3 a 4,Cuatro,Educación profesional completa,Educación profesional completa,"Tiene un trabajo de tipo auxiliar administrativo (por ejemplo, secretario o asistente)","Tiene un trabajo de tipo auxiliar administrativo (por ejemplo, secretario o asistente)",Si,Si,Si,Si,Si,No,No,No,11 A 25 LIBROS,Entre 1 y 2 horas,Entre 1 y 3 horas,Menos de 10 horas,31120,IE BRAULIO GONZALEZ,MIXTO,OFICIAL,TÉCNICO/ACADÉMICO,RURAL,MAÑANA,85001,YOPAL,85,CASANARE,69,95,4,57,69,3,63,91,3,61,88,3,78,99,B1,318,91
TI,COLOMBIA,M,01/29/2003 12:00:00 AM,SB11201940559542,No,ATLANTICO,8,MALAMBO,8433,Estrato 1,5 a 6,Tres,Primaria incompleta,Secundaria (Bachillerato) completa,"Trabaja por cuenta propia (por ejemplo plomero, electricista)","Trabaja en el hogar, no trabaja o estudia",No,No,Si,No,Si,No,No,Si,26 A 100 LIBROS,30 minutos o menos,30 minutos o menos,0,138248,INSTITUCION EDUCATIVA ANTONIA SANTOS,MIXTO,OFICIAL,ACADÉMICO,URBANO,MAÑANA,8433,MALAMBO,8,ATLANTICO,49,37,2,55,63,3,31,5,1,31,10,1,51,59,A1,211,27
TI,COLOMBIA,M,05/18/2002 12:00:00 AM,SB11201940438835,No,CORDOBA,23,VALENCIA,23855,Estrato 1,3 a 4,Tres,Primaria completa,Ninguno,"Es agricultor, pesquero o jornalero","Trabaja en el hogar, no trabaja o estudia",No,Si,No,Si,Si,No,Si,No,0 A 10 LIBROS,30 minutos o menos,30 minutos o menos,0,32417,INS EDUCATIVA JOSE MARIA CARBONELL,MIXTO,OFICIAL,ACADÉMICO,URBANO,MAÑANA,23855,VALENCIA,23,CORDOBA,59,73,3,51,52,3,51,62,2,45,51,2,42,33,A-,254,57
TI,COLOMBIA,M,07/22/2002 12:00:00 AM,SB11201940314846,No,NORTE SANTANDER,54,PAMPLONA,54518,Estrato 2,3 a 4,Tres,Secundaria (Bachillerato) incompleta,Secundaria (Bachillerato) incompleta,"Tiene un trabajo de tipo auxiliar administrativo (por ejemplo, secretario o asistente)","Trabaja en el hogar, no trabaja o estudia",Si,Si,Si,Si,No,No,No,No,0 A 10 LIBROS,Entre 1 y 2 horas,Entre 1 y 3 horas,Menos de 10 horas,252197,COL AGUEDA GALLARDO DE VILLAMIZAR,MIXTO,OFICIAL,TÉCNICO/ACADÉMICO,URBANO,UNICA,54518,PAMPLONA,54,NORTE SANTANDER,65,88,3,64,86,3,54,69,2,62,89,3,68,93,B1,309,88
TI,COLOMBIA,M,01/14/2004 12:00:00 AM,SB11201940100433,No,CORDOBA,23,LORICA,23417,Estrato 1,5 a 6,Tres,Secundaria (Bachillerato) completa,Secundaria (Bachillerato) completa,Pensionado,"Trabaja en el hogar, no trabaja o estudia",No,No,No,Si,No,No,Si,No,0 A 10 LIBROS,30 minutos o menos,No Navega Internet,0,678508,IE EUGENIO SANCHEZ CARDENAS,MIXTO,OFICIAL,ACADÉMICO,RURAL,UNICA,23417,LORICA,23,CORDOBA,55,58,3,55,65,3,50,57,2,45,48,2,51,58,A1,256,59
CE,COLOMBIA,M,10/16/2002 12:00:00 AM,SB11201940412474,No,CUNDINAMARCA,25,SOACHA,25754,Estrato 3,3 a 4,Dos,Educación profesional completa,Educación profesional completa,"Es dueño de un negocio grande, tiene un cargo de nivel directivo o gerencial","Tiene un trabajo de tipo auxiliar administrativo (por ejemplo, secretario o asistente)",Si,Si,No,Si,Si,No,No,Si,0 A 10 LIBROS,No leo por entretenimiento,Más de 3 horas,0,174755,INSTITUCION EDUCATIVA  NUEVO COMPARTIR,MIXTO,OFICIAL,ACADÉMICO,URBANO,MAÑANA,25754,SOACHA,25,CUNDINAMARCA,56,63,3,51,51,3,49,53,2,51,66,2,49,54,A1,258,60
CC,COLOMBIA,M,03/07/2000 00:00,SB11201940479588,No,ATLANTICO,8,BARRANQUILLA,8001,Estrato 3,3 a 4,Dos,Secundaria (Bachillerato) incompleta,Secundaria (Bachillerato) completa,"Trabaja por cuenta propia (por ejemplo plomero, electricista)","Es dueño de un negocio pequeño (tiene pocos empleados o no tiene, por ejemplo tienda, papelería, etc",Si,Si,No,Si,Si,No,Si,No,0 A 10 LIBROS,Entre 30 y 60 minutos,Entre 1 y 3 horas,0,131557,INSTITUTO CENTRO DE SISTEMAS LTDA.,MIXTO,NO OFICIAL,ACADÉMICO,URBANO,COMPLETA,8001,BARRANQUILLA,8,ATLANTICO,55,61,3,58,73,3,51,59,2,53,69,2,40,29,A-,266,65
CC,COLOMBIA,M,06/30/2000 12:00:00 AM,SB11201940089433,No,ATLANTICO,8,SABANALARGA,8638,Estrato 1,5 a 6,Dos,Secundaria (Bachillerato) completa,Secundaria (Bachillerato) completa,"Es agricultor, pesquero o jornalero","Trabaja en el hogar, no trabaja o estudia",No,Si,No,No,No,No,No,No,0 A 10 LIBROS,30 minutos o menos,Más de 3 horas,0,133371,INSTITUCION EDUCATIVA SAN JOSE DE AGUADA DE PABLO,MIXTO,OFICIAL,ACADÉMICO,RURAL,MAÑANA,8638,SABANALARGA,8,ATLANTICO,31,2,1,33,8,1,32,6,1,27,3,1,35,14,A-,155,2
TI,COLOMBIA,M,10/24/2002 12:00:00 AM,SB11201940127961,No,BOGOTÁ,11,BOGOTÁ D.C.,11001,Estrato 2,-,,Secundaria (Bachillerato) incompleta,Técnica o tecnológica incompleta,-,,No,Si,-,,-,,-,,26 A 100 LIBROS,Entre 1 y 2 horas,30 minutos o menos,-,714055,ESC. NORMAL SUPERIOR DISTRITAL MARIA MONTESSORI (IED),MIXTO,OFICIAL,TÉCNICO/ACADÉMICO,URBANO,UNICA,11001,BOGOTÁ D.C.,11,BOGOTÁ,55,61,3,62,82,3,74,100,4,59,83,3,64,89,A2,313,89
NES,COLOMBIA,M,01/29/2003 12:00:00 AM,SB11201940280338,No,CESAR,20,AGUACHICA,20011,Estrato 1,3 a 4,Dos,Secundaria (Bachillerato) completa,Educación profesional completa,"Trabaja como personal de limpieza, mantenimiento, seguridad o construcción","Tiene un trabajo de tipo auxiliar administrativo (por ejemplo, secretario o asistente)",Si,No,Si,No,Si,No,No,No,0 A 10 LIBROS,Entre 30 y 60 minutos,Entre 30 y 60 minutos,0,134221,I.E. SAN MIGUEL,MIXTO,OFICIAL,TÉCNICO/ACADÉMICO,URBANO,TARDE,20011,AGUACHICA,20,CESAR,56,62,3,56,66,3,63,90,3,48,57,2,66,91,A2,283,75
TI,COLOMBIA,M,10/17/2001 12:00:00 AM,SB11201940262035,No,BOLIVAR,13,ARJONA,13052,Estrato 5,3 a 4,Dos,Secundaria (Bachillerato) incompleta,Primaria incompleta,"Tiene un trabajo de tipo auxiliar administrativo (por ejemplo, secretario o asistente)",Es vendedor o trabaja en atención al público,Si,No,No,Si,Si,No,No,No,0 A 10 LIBROS,30 minutos o menos,Entre 1 y 3 horas,0,134031,CONCENTRACION EDUCATIVA CAROLINA GAMERO PEREZ,MIXTO,NO OFICIAL,ACADÉMICO,URBANO,MAÑANA,13052,ARJONA,13,BOLIVAR,45,27,2,34,9,1,36,14,1,29,7,1,33,10,A-,179,9
PE,VENEZUELA,M,03/03/2002 00:00,SB11201940498839,No,CUNDINAMARCA,25,FUNZA,25286,Estrato 3,3 a 4,Cuatro,Secundaria (Bachillerato) incompleta,Técnica o tecnológica completa,No sabe,"Tiene un trabajo de tipo auxiliar administrativo (por ejemplo, secretario o asistente)",No,No,No,No,No,No,No,No,-,30 minutos o menos,Entre 30 y 60 minutos,Entre 21 y 30 horas,234781,I.E.D. MIGUEL ANTONIO CARO,MIXTO,OFICIAL,ACADÉMICO,URBANO,MAÑANA,25286,FUNZA,25,CUNDINAMARCA,57,67,3,67,92,3,66,94,3,52,67,2,67,93,A2,305,86
TI,COLOMBIA,M,05/01/2003 00:00,SB11201940043046,No,QUINDIO,63,ARMENIA,63001,Estrato 3,5 a 6,Tres,Educación profesional incompleta,Técnica o tecnológica incompleta,Pensionado,Es vendedor o trabaja en atención al público,Si,Si,Si,Si,No,Si,No,No,MÁS DE 100 LIBROS,Más de 2 horas,Más de 3 horas,0,33241,NUESTRA SEÑORA DE FATIMA,MIXTO,OFICIAL,TÉCNICO/ACADÉMICO,RURAL,MAÑANA,63001,ARMENIA,63,QUINDIO,64,86,3,70,95,3,62,89,3,52,69,2,82,100,B+,318,91
TI,COLOMBIA,M,06/16/2001 12:00:00 AM,SB11201940310050,No,ARAUCA,81,ARAUCA,81001,Estrato 1,3 a 4,Tres,No sabe,Educación profesional completa,"Trabaja como personal de limpieza, mantenimiento, seguridad o construcción","Trabaja como profesional (por ejemplo médico, abogado, ingeniero)",Si,No,Si,Si,Si,Si,Si,No,0 A 10 LIBROS,30 minutos o menos,Más de 3 horas,Menos de 10 horas,134684,COLEGIO COMFIAR,MIXTO,NO OFICIAL,TÉCNICO/ACADÉMICO,URBANO,COMPLETA,81001,ARAUCA,81,ARAUCA,44,23,2,59,76,3,46,42,2,44,46,2,50,56,A1,242,49
TI,COLOMBIA,M,01/31/2002 12:00:00 AM,SB11201940055929,No,ATLANTICO,8,BARRANQUILLA,8001,Estrato 2,3 a 4,Tres,Secundaria (Bachillerato) incompleta,Educación profesional completa,Es vendedor o trabaja en atención al público,"Trabaja como profesional (por ejemplo médico, abogado, ingeniero)",Si,Si,Si,Si,No,Si,No,No,11 A 25 LIBROS,Entre 30 y 60 minutos,Entre 1 y 3 horas,0,210997,INSTITUCION EDUCATIVA DISTRITAL FUNDACION PIES DESCALZOS,MIXTO,OFICIAL,ACADÉMICO,URBANO,UNICA,8001,BARRANQUILLA,8,ATLANTICO,59,75,3,58,71,3,66,94,3,71,98,4,72,96,B1,321,92
TI,COLOMBIA,M,04/10/2001 00:00,SB11201940170109,No,ANTIOQUIA,5,MEDELLÍN,5001,Estrato 3,3 a 4,Dos,Educación profesional incompleta,Técnica o tecnológica completa,"Tiene un trabajo de tipo auxiliar administrativo (por ejemplo, secretario o asistente)","Tiene un trabajo de tipo auxiliar administrativo (por ejemplo, secretario o asistente)",Si,Si,Si,Si,Si,Si,No,Si,26 A 100 LIBROS,Entre 30 y 60 minutos,Entre 30 y 60 minutos,0,202887,INST EDUC JUAN MARIA CESPEDES,MIXTO,OFICIAL,TÉCNICO/ACADÉMICO,URBANO,UNICA,5001,MEDELLÍN,5,ANTIOQUIA,45,25,2,50,47,2,53,68,2,52,67,2,50,57,A1,250,55
NES,VENEZUELA,M,08/14/2001 12:00:00 AM,SB11201940438108,No,NORTE SANTANDER,54,OCAÑA,54498,Estrato 3,7 a 8,Tres,Técnica o tecnológica completa,Secundaria (Bachillerato) completa,No aplica,"Trabaja como personal de limpieza, mantenimiento, seguridad o construcción",Si,Si,Si,No,Si,No,No,No,11 A 25 LIBROS,Entre 30 y 60 minutos,Más de 3 horas,Entre 11 y 20 horas,12484,COL JOSE EUSEBIO CARO,MIXTO,OFICIAL,ACADÉMICO,URBANO,MAÑANA,54498,OCAÑA,54,NORTE SANTANDER,67,93,4,66,90,3,67,95,3,66,95,3,69,94,B1,333,95
TI,COLOMBIA,M,06/01/2002 00:00,SB11201940241862,No,ATLANTICO,8,SOLEDAD,8758,Estrato 3,3 a 4,Cuatro,No sabe,Secundaria (Bachillerato) completa,No sabe,"Trabaja por cuenta propia (por ejemplo plomero, electricista)",Si,Si,Si,Si,Si,No,No,No,11 A 25 LIBROS,Entre 1 y 2 horas,Más de 3 horas,Menos de 10 horas,664870,INSTITUCION EDUCATIVA FRANCISCO JOSE DE CALDAS,MIXTO,OFICIAL,TÉCNICO/ACADÉMICO,URBANO,UNICA,8758,SOLEDAD,8,ATLANTICO,63,84,3,54,61,3,52,64,2,61,87,3,72,96,B1,293,81
TI,COLOMBIA,M,08/07/2002 00:00,SB11201940319489,Si,BOGOTÁ,11,BOGOTÁ D.C.,11001,Estrato 2,3 a 4,Dos,Secundaria (Bachillerato) completa,Técnica o tecnológica completa,"Es dueño de un negocio grande, tiene un cargo de nivel directivo o gerencial","Trabaja en el hogar, no trabaja o estudia",Si,Si,Si,Si,No,Si,Si,No,26 A 100 LIBROS,30 minutos o menos,Más de 3 horas,0,214304,COLEGIO RODRIGO ARENAS BETANCOURT  (IED),MIXTO,OFICIAL,ACADÉMICO,URBANO,MAÑANA,11001,BOGOTÁ D.C.,11,BOGOTÁ,71,98,4,77,99,4,70,98,3,68,96,3,70,94,B1,357,99
TI,COLOMBIA,M,05/03/2003 00:00,SB11201940102722,No,SANTANDER,68,BUCARAMANGA,68001,Estrato 2,5 a 6,Tres,Secundaria (Bachillerato) completa,Técnica o tecnológica incompleta,"Trabaja en el hogar, no trabaja o estudia","Trabaja en el hogar, no trabaja o estudia",Si,Si,Si,Si,Si,Si,No,No,11 A 25 LIBROS,Entre 30 y 60 minutos,Entre 30 y 60 minutos,Menos de 10 horas,14399,IE TEC DAMASO ZAPATA,MIXTO,OFICIAL,TÉCNICO/ACADÉMICO,URBANO,MAÑANA,68001,BUCARAMANGA,68,SANTANDER,65,89,3,72,97,4,69,97,3,50,62,2,59,81,A2,318,91
TI,COLOMBIA,M,01/07/2001 00:00,SB11201940472452,No,META,50,PUERTO GAITÁN,50568,Estrato 2,5 a 6,Dos,Técnica o tecnológica incompleta,Técnica o tecnológica completa,"Trabaja por cuenta propia (por ejemplo plomero, electricista)","Tiene un trabajo de tipo auxiliar administrativo (por ejemplo, secretario o asistente)",Si,Si,Si,Si,Si,No,Si,No,26 A 100 LIBROS,Entre 30 y 60 minutos,Entre 1 y 3 horas,Entre 21 y 30 horas,668855,IE JORGE ELIECER GAITAN,MIXTO,OFICIAL,TÉCNICO/ACADÉMICO,URBANO,TARDE,50568,PUERTO GAITÁN,50,META,55,59,3,58,72,3,51,61,2,35,21,1,53,65,A1,250,55
TI,COLOMBIA,M,09/02/2002 00:00,SB11201940064255,No,SUCRE,70,SAN ONOFRE,70713,Estrato 4,3 a 4,Dos,Primaria incompleta,Primaria incompleta,Es vendedor o trabaja en atención al público,"Trabaja por cuenta propia (por ejemplo plomero, electricista)",No,No,No,Si,No,No,No,No,0 A 10 LIBROS,30 minutos o menos,Entre 30 y 60 minutos,0,137570,INST EDUC SAN ANTONIO,MIXTO,OFICIAL,ACADÉMICO,RURAL,MAÑANA,70713,SAN ONOFRE,70,SUCRE,48,36,2,48,41,2,46,44,2,41,38,2,40,27,A-,227,38
TI,COLOMBIA,M,09/22/2002 12:00:00 AM,SB11201940426123,No,ATLANTICO,8,BARRANQUILLA,8001,Estrato 4,5 a 6,Cuatro,Secundaria (Bachillerato) incompleta,Secundaria (Bachillerato) completa,"Tiene un trabajo de tipo auxiliar administrativo (por ejemplo, secretario o asistente)","Tiene un trabajo de tipo auxiliar administrativo (por ejemplo, secretario o asistente)",Si,Si,Si,Si,Si,No,No,No,0 A 10 LIBROS,No leo por entretenimiento,Entre 1 y 3 horas,0,123026,COLEGIO SANTA MARIA DE LA PROVIDENCIA,MIXTO,NO OFICIAL,ACADÉMICO,URBANO,COMPLETA,8001,BARRANQUILLA,8,ATLANTICO,65,88,3,60,78,3,51,61,2,52,68,2,54,68,A1,284,76
TI,COLOMBIA,F,02/13/2003 12:00:00 AM,SB11201940311260,Si,CESAR,20,EL PASO,20250,Estrato 1,3 a 4,Tres,No Aplica,Secundaria (Bachillerato) completa,No aplica,"Trabaja en el hogar, no trabaja o estudia",No,Si,Si,Si,No,No,Si,No,0 A 10 LIBROS,30 minutos o menos,Más de 3 horas,0,47449,I.E. NACIONALIZADO EL PASO,MIXTO,OFICIAL,TÉCNICO/ACADÉMICO,URBANO,MAÑANA,20250,EL PASO,20,CESAR,49,37,2,38,15,2,40,25,1,47,55,2,30,6,A-,212,28
CC,COLOMBIA,M,01/17/2001 12:00:00 AM,SB11201940002686,No,CUNDINAMARCA,25,TOCANCIPÁ,25817,Estrato 2,3 a 4,Dos,Primaria completa,Secundaria (Bachillerato) incompleta,"Trabaja como personal de limpieza, mantenimiento, seguridad o construcción","Trabaja en el hogar, no trabaja o estudia",Si,No,Si,Si,No,No,No,No,11 A 25 LIBROS,Entre 1 y 2 horas,Entre 30 y 60 minutos,0,32490,INSTITUCION EDUCATIVA DEPARTAMENTAL DE BACHILLERATO TECNICO COMERCIA,MIXTO,OFICIAL,TÉCNICO/ACADÉMICO,URBANO,MAÑANA,25817,TOCANCIPÁ,25,CUNDINAMARCA,51,45,3,45,32,2,46,43,2,42,41,2,50,56,A1,232,41
TI,COLOMBIA,M,04/21/2003 12:00:00 AM,SB11201940042959,No,BOLIVAR,13,EL CARMEN DE BOLÍVAR,13244,Estrato 1,5 a 6,Dos,Técnica o tecnológica completa,Educación profesional incompleta,"Trabaja como personal de limpieza, mantenimiento, seguridad o construcción","Es dueño de un negocio pequeño (tiene pocos empleados o no tiene, por ejemplo tienda, papelería, etc",Si,Si,Si,Si,No,No,Si,No,26 A 100 LIBROS,30 minutos o menos,Entre 1 y 3 horas,0,4531,I.E. MANUEL EDMUNDO MENDOZA,MIXTO,OFICIAL,ACADÉMICO,URBANO,MAÑANA,13244,EL CARMEN DE BOLÍVAR,13,BOLIVAR,57,65,3,62,82,3,56,75,3,48,57,2,59,80,A2,280,74
TI,COLOMBIA,M,10/11/2001 00:00,SB11201940379297,Si,SUCRE,70,SINCELEJO,70001,Estrato 1,5 a 6,Cinco,Secundaria (Bachillerato) completa,Primaria completa,"Es operario de máquinas o conduce vehículos (taxita, chofer)","Trabaja en el hogar, no trabaja o estudia",Si,Si,Si,Si,Si,Si,Si,No,0 A 10 LIBROS,Entre 30 y 60 minutos,30 minutos o menos,Más de 30 horas,693804,INSTITUCION EDUCATIVA TECNICO AGROPECUARIO LA GALLERA,MIXTO,OFICIAL,TÉCNICO,RURAL,UNICA,70001,SINCELEJO,70,SUCRE,40,14,2,46,35,2,40,24,1,38,30,1,34,12,A-,202,22
TI,COLOMBIA,F,06/10/2003 00:00,SB11201940006789,No,HUILA,41,GARZÓN,41298,Estrato 2,3 a 4,Tres,No sabe,Técnica o tecnológica completa,No sabe,"Trabaja por cuenta propia (por ejemplo plomero, electricista)",Si,Si,Si,No,Si,No,Si,No,MÁS DE 100 LIBROS,Entre 30 y 60 minutos,Entre 30 y 60 minutos,Menos de 10 horas,9993,COL. COOP. LA PRESENTACION,MIXTO,NO OFICIAL,ACADÉMICO,URBANO,MAÑANA,41298,GARZÓN,41,HUILA,67,92,4,71,96,4,66,95,3,72,99,4,67,92,A2,344,97
TI,COLOMBIA,M,01/29/2002 12:00:00 AM,SB11201940290084,No,CORDOBA,23,SAN PELAYO,23686,Estrato 2,9 o más,Tres,Técnica o tecnológica incompleta,Secundaria (Bachillerato) incompleta,"Es operario de máquinas o conduce vehículos (taxita, chofer)","Trabaja en el hogar, no trabaja o estudia",No,Si,No,Si,No,No,Si,Si,26 A 100 LIBROS,Entre 30 y 60 minutos,Entre 30 y 60 minutos,Menos de 10 horas,193904,INSTITUCION EDUCATIVA VALPARAISO,MIXTO,OFICIAL,ACADÉMICO,RURAL,MAÑANA,23686,SAN PELAYO,23,CORDOBA,49,39,2,58,72,3,50,59,2,39,33,1,50,58,A1,245,51
TI,COLOMBIA,M,06/26/2002 12:00:00 AM,SB11201940019202,No,BOGOTÁ,11,BOGOTÁ D.C.,11001,Estrato 3,3 a 4,Dos,Técnica o tecnológica completa,Secundaria (Bachillerato) completa,"Es dueño de un negocio pequeño (tiene pocos empleados o no tiene, por ejemplo tienda, papelería, etc","Trabaja en el hogar, no trabaja o estudia",Si,Si,Si,No,Si,No,No,No,26 A 100 LIBROS,Entre 1 y 2 horas,Más de 3 horas,0,24075,LIC PARROQ SAN GREGORIO MAGNO,MIXTO,NO OFICIAL,ACADÉMICO,URBANO,COMPLETA,11001,BOGOTÁ D.C.,11,BOGOTÁ,57,66,3,56,67,3,55,74,2,38,30,1,58,78,A2,260,61
TI,COLOMBIA,M,01/18/2003 12:00:00 AM,SB11201940442323,No,SANTANDER,68,BUCARAMANGA,68001,Estrato 4,1 a 2,Dos,Educación profesional completa,Educación profesional completa,"Trabaja como profesional (por ejemplo médico, abogado, ingeniero)","Trabaja como profesional (por ejemplo médico, abogado, ingeniero)",Si,Si,Si,Si,Si,Si,Si,Si,0 A 10 LIBROS,Entre 30 y 60 minutos,Más de 3 horas,0,14043,COLEGIO GIMNASIO SUPERIOR,MIXTO,NO OFICIAL,TÉCNICO/ACADÉMICO,URBANO,COMPLETA,68001,BUCARAMANGA,68,SANTANDER,63,85,3,67,92,3,73,100,4,59,83,3,73,96,B1,330,94
CC,COLOMBIA,M,09/26/1998 12:00:00 AM,SB11201940110637,No,ANTIOQUIA,5,RIONEGRO,5615,Estrato 3,1 a 2,Dos,Educación profesional completa,Técnica o tecnológica completa,"Trabaja en el hogar, no trabaja o estudia",Es vendedor o trabaja en atención al público,No,No,Si,No,No,No,No,No,26 A 100 LIBROS,Más de 2 horas,Más de 3 horas,Menos de 10 horas,130070,INSTITUCION EDUCATIVA JUAN SEBASTIAN DE CENSA,MIXTO,NO OFICIAL,ACADÉMICO,URBANO,SABATINA,5615,RIONEGRO,5,ANTIOQUIA,77,100,4,61,81,3,61,88,3,61,88,3,75,98,B1,329,94
TI,COLOMBIA,M,04/11/2002 00:00,SB11201940085756,No,ATLANTICO,8,BARRANQUILLA,8001,Estrato 4,7 a 8,Cinco,Educación profesional completa,Educación profesional completa,"Trabaja como profesional (por ejemplo médico, abogado, ingeniero)","Trabaja en el hogar, no trabaja o estudia",Si,Si,Si,No,Si,No,No,Si,MÁS DE 100 LIBROS,No leo por entretenimiento,Más de 3 horas,0,54346,LICEO MIXTO DE LA COSTA,MIXTO,NO OFICIAL,ACADÉMICO,URBANO,COMPLETA,8001,BARRANQUILLA,8,ATLANTICO,62,81,3,72,97,4,46,44,2,67,95,3,81,100,B+,316,90
TI,COLOMBIA,M,05/04/2002 00:00,SB11201940041066,No,VALLE,76,CALI,76001,Estrato 1,3 a 4,Dos,Primaria incompleta,Secundaria (Bachillerato) completa,"Trabaja por cuenta propia (por ejemplo plomero, electricista)","Trabaja en el hogar, no trabaja o estudia",Si,Si,No,Si,No,No,No,No,11 A 25 LIBROS,Entre 1 y 2 horas,30 minutos o menos,0,706473,INSTITUCION EDUCATIVA LLANO VERDE,MIXTO,OFICIAL,,URBANO,MAÑANA,76001,CALI,76,VALLE,72,98,4,69,94,3,68,96,3,64,92,3,63,88,A2,339,96
TI,COLOMBIA,M,03/17/2003 12:00:00 AM,SB11201940085586,No,NORTE SANTANDER,54,OCAÑA,54498,Estrato 2,3 a 4,Dos,Secundaria (Bachillerato) completa,Secundaria (Bachillerato) completa,"Es dueño de un negocio pequeño (tiene pocos empleados o no tiene, por ejemplo tienda, papelería, etc","Es dueño de un negocio pequeño (tiene pocos empleados o no tiene, por ejemplo tienda, papelería, etc",Si,No,No,Si,Si,No,Si,No,11 A 25 LIBROS,Más de 2 horas,Entre 1 y 3 horas,Entre 11 y 20 horas,12534,COL FRANCISCO FERNANDEZ DE CONTRERAS,MIXTO,OFICIAL,ACADÉMICO,URBANO,MAÑANA,54498,OCAÑA,54,NORTE SANTANDER,71,97,4,71,96,4,69,98,3,58,82,3,66,91,A2,336,95
TI,COLOMBIA,M,10/08/2003 00:00,SB11201940001515,No,CESAR,20,VALLEDUPAR,20001,Estrato 3,5 a 6,Tres,Educación profesional completa,Educación profesional completa,"Trabaja como profesional (por ejemplo médico, abogado, ingeniero)","Trabaja en el hogar, no trabaja o estudia",Si,Si,Si,Si,Si,Si,No,No,11 A 25 LIBROS,Entre 30 y 60 minutos,Entre 30 y 60 minutos,0,171132,I.E. MAYOR DE VALLEDUPAR CÉSAR POMPEYO MENDOZA HINOJOSA,MIXTO,OFICIAL,ACADÉMICO,URBANO,COMPLETA,20001,VALLEDUPAR,20,CESAR,65,88,3,56,65,3,70,98,3,47,56,2,68,93,B1,301,84
CC,COLOMBIA,M,10/03/2000 00:00,SB11201940532047,No,BOGOTÁ,11,BOGOTÁ D.C.,11001,Estrato 4,5 a 6,Dos,Educación profesional incompleta,Postgrado,"Es agricultor, pesquero o jornalero","Trabaja como profesional (por ejemplo médico, abogado, ingeniero)",Si,Si,Si,Si,Si,No,No,-,11 A 25 LIBROS,Entre 30 y 60 minutos,30 minutos o menos,0,23424,COLEGIO NACIONAL NICOLAS ESGUERRA (IED),MASCULINO,OFICIAL,ACADÉMICO,URBANO,NOCHE,11001,BOGOTÁ D.C.,11,BOGOTÁ,54,55,3,36,13,2,34,8,1,26,3,1,44,39,A-,190,15
TI,COLOMBIA,M,01/23/2003 12:00:00 AM,SB11201940360465,No,BOGOTÁ,11,BOGOTÁ D.C.,11001,Estrato 3,3 a 4,Tres,No sabe,Secundaria (Bachillerato) completa,"Es dueño de un negocio pequeño (tiene pocos empleados o no tiene, por ejemplo tienda, papelería, etc","Trabaja en el hogar, no trabaja o estudia",Si,Si,Si,Si,Si,Si,No,No,26 A 100 LIBROS,Entre 30 y 60 minutos,Entre 30 y 60 minutos,Entre 11 y 20 horas,62885,COLEGIO O.E.A (IED),MIXTO,OFICIAL,ACADÉMICO,URBANO,TARDE,11001,BOGOTÁ D.C.,11,BOGOTÁ,65,88,3,64,87,3,62,88,3,65,94,3,59,80,A2,318,91
TI,COLOMBIA,M,01/11/1999 00:00,SB11201940403751,Si,META,50,PUERTO LÓPEZ,50573,Estrato 4,5 a 6,Cinco,Primaria incompleta,Secundaria (Bachillerato) incompleta,"Trabaja por cuenta propia (por ejemplo plomero, electricista)","Es dueño de un negocio pequeño (tiene pocos empleados o no tiene, por ejemplo tienda, papelería, etc",No,Si,No,Si,Si,Si,Si,No,11 A 25 LIBROS,Entre 1 y 2 horas,Entre 1 y 3 horas,Entre 21 y 30 horas,127720,IE YAALIAKEISY,MIXTO,OFICIAL,TÉCNICO/ACADÉMICO,RURAL,MAÑANA,50573,PUERTO LÓPEZ,50,META,40,14,2,36,12,2,50,59,2,34,18,1,48,51,A1,203,22
TI,COLOMBIA,M,07/02/2002 00:00,SB11201940546316,No,META,50,CUBARRAL,50223,Estrato 1,9 o más,Cinco,Primaria completa,Secundaria (Bachillerato) completa,No aplica,"Es agricultor, pesquero o jornalero",No,No,No,Si,No,No,Si,No,MÁS DE 100 LIBROS,Entre 1 y 2 horas,Más de 3 horas,Menos de 10 horas,11098,IE JOSE EUSTASIO RIVERA,MIXTO,OFICIAL,TÉCNICO/ACADÉMICO,URBANO,MAÑANA,50223,CUBARRAL,50,META,68,94,4,66,91,3,58,82,3,71,98,4,46,44,A-,321,92
CC,COLOMBIA,M,07/04/1981 00:00,SB11201940575181,No,ARAUCA,81,SARAVENA,81736,Estrato 1,3 a 4,Uno,Primaria incompleta,Primaria incompleta,"Trabaja como personal de limpieza, mantenimiento, seguridad o construcción","Trabaja como personal de limpieza, mantenimiento, seguridad o construcción",No,Si,No,Si,No,No,Si,No,0 A 10 LIBROS,30 minutos o menos,Entre 1 y 3 horas,Entre 11 y 20 horas,723718,GIMNASIO PSICOPEDAGOGICO BILINGÜE HEBRON,MIXTO,NO OFICIAL,,URBANO,SABATINA,81736,SARAVENA,81,ARAUCA,40,13,2,37,14,2,45,39,2,39,31,1,37,19,A-,200,20
TI,COLOMBIA,M,03/11/2001 00:00,SB11201940212769,No,SUCRE,70,TOLÚ VIEJO,70823,Estrato 1,3 a 4,Dos,Primaria incompleta,Primaria incompleta,"Es operario de máquinas o conduce vehículos (taxita, chofer)","Trabaja en el hogar, no trabaja o estudia",No,No,No,Si,No,No,No,No,26 A 100 LIBROS,30 minutos o menos,Entre 1 y 3 horas,0,15586,I.E. HERIBERTO GARCIA GARRIDO,MIXTO,OFICIAL,ACADÉMICO,URBANO,MAÑANA,70823,TOLÚ VIEJO,70,SUCRE,61,78,3,52,54,3,53,69,2,56,78,3,56,74,A1,278,72
TI,COLOMBIA,M,09/11/2002 00:00,SB11201940213986,No,ATLANTICO,8,PUERTO COLOMBIA,8573,Estrato 1,3 a 4,Dos,Técnica o tecnológica completa,Técnica o tecnológica completa,"Trabaja como personal de limpieza, mantenimiento, seguridad o construcción","Trabaja en el hogar, no trabaja o estudia",No,Si,No,No,No,No,No,Si,26 A 100 LIBROS,Entre 1 y 2 horas,30 minutos o menos,0,90415,I.E. SAN NICOLAS DE TOLENTINO,MIXTO,OFICIAL,ACADÉMICO,URBANO,MAÑANA,8573,PUERTO COLOMBIA,8,ATLANTICO,69,95,4,66,90,3,68,96,3,75,100,4,70,95,B1,348,98
TI,COLOMBIA,M,07/16/2002 12:00:00 AM,SB11201940253053,No,BOGOTÁ,11,BOGOTÁ D.C.,11001,Estrato 2,3 a 4,Tres,Primaria incompleta,Secundaria (Bachillerato) incompleta,Es vendedor o trabaja en atención al público,Es vendedor o trabaja en atención al público,Si,Si,Si,Si,Si,Si,No,Si,26 A 100 LIBROS,30 minutos o menos,Entre 1 y 3 horas,Menos de 10 horas,87866,COLEGIO BRASILIA - BOSA (IED),MIXTO,OFICIAL,ACADÉMICO,URBANO,MAÑANA,11001,BOGOTÁ D.C.,11,BOGOTÁ,36,7,2,52,54,3,43,34,2,33,15,1,32,8,A-,202,21
TI,COLOMBIA,M,08/03/2001 00:00,SB11201940180376,No,ANTIOQUIA,5,BELLO,5088,Estrato 2,3 a 4,Dos,Secundaria (Bachillerato) incompleta,Primaria completa,"Trabaja por cuenta propia (por ejemplo plomero, electricista)","Trabaja en el hogar, no trabaja o estudia",Si,Si,Si,Si,Si,No,Si,Si,0 A 10 LIBROS,30 minutos o menos,Entre 30 y 60 minutos,Menos de 10 horas,161505,IE PLAYA RICA,MIXTO,OFICIAL,TÉCNICO,URBANO,NOCHE,5088,BELLO,5,ANTIOQUIA,56,63,3,61,79,3,46,46,2,46,53,2,53,67,A1,262,62
TI,COLOMBIA,M,04/24/2002 12:00:00 AM,SB11201940239442,No,SUCRE,70,SINCELEJO,70001,Estrato 2,1 a 2,Dos,Técnica o tecnológica completa,Postgrado,"Trabaja como profesional (por ejemplo médico, abogado, ingeniero)","Trabaja como profesional (por ejemplo médico, abogado, ingeniero)",Si,Si,Si,Si,Si,No,Si,Si,26 A 100 LIBROS,30 minutos o menos,30 minutos o menos,Entre 11 y 20 horas,114579,INSTITUCION EDUCATIVA COMFASUCRE(ANTES CENTRO DOCEMTE CONFASUCRE),MIXTO,NO OFICIAL,ACADÉMICO,URBANO,MAÑANA,70001,SINCELEJO,70,SUCRE,55,59,3,41,23,2,45,40,2,39,33,1,54,69,A1,228,39
TI,COLOMBIA,M,06/22/2002 12:00:00 AM,SB11201940397802,No,NORTE SANTANDER,54,LOS PATIOS,54405,Estrato 2,5 a 6,Tres,Primaria completa,Secundaria (Bachillerato) incompleta,"Trabaja por cuenta propia (por ejemplo plomero, electricista)","Trabaja en el hogar, no trabaja o estudia",No,Si,No,Si,Si,No,No,No,11 A 25 LIBROS,30 minutos o menos,No Navega Internet,0,154922,INST TECNICO MUNICIPAL DE LOS PATIOS,MIXTO,OFICIAL,TÉCNICO/ACADÉMICO,URBANO,TARDE,54405,LOS PATIOS,54,NORTE SANTANDER,55,60,3,63,85,3,57,79,3,61,87,3,56,73,A1,294,81
TI,COLOMBIA,M,12/02/2001 00:00,SB11201940147649,No,CUNDINAMARCA,25,LA MESA,25386,Estrato 2,5 a 6,Tres,Secundaria (Bachillerato) incompleta,Técnica o tecnológica incompleta,No aplica,Es vendedor o trabaja en atención al público,Si,No,Si,No,No,Si,Si,No,11 A 25 LIBROS,Entre 1 y 2 horas,Entre 1 y 3 horas,Más de 30 horas,31393,INSTITUCION EDUCATIVA DEPTAL FRANCISCO JULIAN OLAYA,MIXTO,OFICIAL,TÉCNICO/ACADÉMICO,URBANO,MAÑANA,25386,LA MESA,25,CUNDINAMARCA,70,96,4,60,77,3,51,61,2,62,89,3,44,39,A-,297,83
TI,COLOMBIA,M,07/26/2001 12:00:00 AM,SB11201940378241,No,CESAR,20,VALLEDUPAR,20001,Estrato 3,5 a 6,Tres,Educación profesional completa,Educación profesional incompleta,"Trabaja como profesional (por ejemplo médico, abogado, ingeniero)",Es vendedor o trabaja en atención al público,Si,Si,Si,Si,Si,No,Si,Si,MÁS DE 100 LIBROS,Entre 30 y 60 minutos,Más de 3 horas,Entre 11 y 20 horas,49593,LICEO GABRIEL GARCIA MARQUEZ,MIXTO,NO OFICIAL,ACADÉMICO,URBANO,MAÑANA,20001,VALLEDUPAR,20,CESAR,59,73,3,65,89,3,59,83,3,62,89,3,62,87,A2,307,87
TI,COLOMBIA,F,11/17/2002 12:00:00 AM,SB11201940251661,No,CHOCO,27,QUIBDÓ,27001,Estrato 3,7 a 8,Cinco,Educación profesional completa,Educación profesional incompleta,"Trabaja como profesional (por ejemplo médico, abogado, ingeniero)","Trabaja en el hogar, no trabaja o estudia",Si,Si,Si,Si,No,No,No,No,11 A 25 LIBROS,Entre 30 y 60 minutos,Más de 3 horas,0,646653,COMFACHICO,MIXTO,NO OFICIAL,NO APLICA,URBANO,MAÑANA,27001,QUIBDÓ,27,CHOCO,66,90,4,57,69,3,56,77,3,56,77,3,61,85,A2,295,81
CC,COLOMBIA,M,02/21/2001 12:00:00 AM,SB11201940086351,No,BOGOTÁ,11,BOGOTÁ D.C.,11001,Estrato 4,1 a 2,Dos,Secundaria (Bachillerato) incompleta,No sabe,No sabe,"Trabaja como profesional (por ejemplo médico, abogado, ingeniero)",Si,Si,Si,Si,Si,Si,No,Si,0 A 10 LIBROS,No leo por entretenimiento,Entre 1 y 3 horas,0,108381,COLEGIO RETOS,MIXTO,NO OFICIAL,ACADÉMICO,URBANO,MAÑANA,11001,BOGOTÁ D.C.,11,BOGOTÁ,62,82,3,56,65,3,68,97,3,65,93,3,82,100,B+,321,92
TI,COLOMBIA,M,06/19/2002 12:00:00 AM,SB11201940137319,No,VALLE,76,RIOFRÍO,76616,Estrato 1,3 a 4,Tres,Primaria incompleta,Primaria completa,"Trabaja como personal de limpieza, mantenimiento, seguridad o construcción","Trabaja en el hogar, no trabaja o estudia",No,Si,No,Si,No,No,No,No,0 A 10 LIBROS,30 minutos o menos,Más de 3 horas,0,671297,IE PRIMITIVO CRESPO,MIXTO,OFICIAL,TÉCNICO,URBANO,UNICA,76616,RIOFRÍO,76,VALLE,43,21,2,44,29,2,40,25,1,31,10,1,35,15,A-,196,18
TI,COLOMBIA,M,03/15/2002 12:00:00 AM,SB11201940105354,No,ATLANTICO,8,SOLEDAD,8758,Sin Estrato,3 a 4,Dos,Técnica o tecnológica incompleta,Secundaria (Bachillerato) completa,"Trabaja como profesional (por ejemplo médico, abogado, ingeniero)","Trabaja como profesional (por ejemplo médico, abogado, ingeniero)",No,Si,No,Si,Si,No,No,No,11 A 25 LIBROS,Entre 30 y 60 minutos,Entre 30 y 60 minutos,0,90209,INSTITUTO BADEL POWELL,MIXTO,NO OFICIAL,ACADÉMICO,URBANO,MAÑANA,8758,SOLEDAD,8,ATLANTICO,66,91,4,62,82,3,52,65,2,50,64,2,61,85,A2,289,79
TI,COLOMBIA,M,10/24/2001 12:00:00 AM,SB11201940325141,Si,LA GUAJIRA,44,FONSECA,44279,Estrato 1,7 a 8,-,Secundaria (Bachillerato) completa,Primaria completa,"Es agricultor, pesquero o jornalero","Trabaja en el hogar, no trabaja o estudia",No,Si,No,No,No,No,No,No,26 A 100 LIBROS,Entre 30 y 60 minutos,No Navega Internet,0,175323,INSTITUCION ETNOEDUCATIVA RURAL AKUAIPA INTERNADO INDIGENA DE ALBANIA,MIXTO,OFICIAL,ACADÉMICO,RURAL,COMPLETA,44035,ALBANIA,44,LA GUAJIRA,44,24,2,40,21,2,45,40,2,29,6,1,36,18,A-,196,18
TI,COLOMBIA,M,11/13/2001 12:00:00 AM,SB11201940560008,No,CESAR,20,VALLEDUPAR,20001,Estrato 1,3 a 4,Cinco,Primaria completa,Primaria incompleta,No sabe,No sabe,Si,No,Si,Si,Si,No,Si,No,0 A 10 LIBROS,30 minutos o menos,Más de 3 horas,Menos de 10 horas,96875,IE LA ESPERANZA,MIXTO,OFICIAL,TÉCNICO,URBANO,MAÑANA,20001,VALLEDUPAR,20,CESAR,50,42,2,51,50,3,38,20,1,38,30,1,31,8,A-,216,31
TI,COLOMBIA,M,02/07/2003 00:00,SB11201940037935,No,CESAR,20,VALLEDUPAR,20001,Estrato 3,5 a 6,Tres,Técnica o tecnológica completa,Técnica o tecnológica completa,"Trabaja como personal de limpieza, mantenimiento, seguridad o construcción","Trabaja en el hogar, no trabaja o estudia",No,No,No,Si,No,No,Si,No,26 A 100 LIBROS,Entre 30 y 60 minutos,Entre 1 y 3 horas,0,7666,IE PEDRO CASTRO MONSALVO,MIXTO,OFICIAL,TÉCNICO,URBANO,MAÑANA,20001,VALLEDUPAR,20,CESAR,52,49,3,53,58,3,45,42,2,35,21,1,50,57,A1,233,42
CC,COLOMBIA,M,04/12/2000 00:00,SB11201940538497,No,BOGOTÁ,11,BOGOTÁ D.C.,11001,Estrato 3,3 a 4,Dos,Técnica o tecnológica completa,Educación profesional completa,Pensionado,"Trabaja como profesional (por ejemplo médico, abogado, ingeniero)",Si,Si,Si,Si,Si,Si,No,Si,11 A 25 LIBROS,No leo por entretenimiento,Más de 3 horas,0,37218,GIMN SANTA CRUZ,MIXTO,NO OFICIAL,ACADÉMICO,URBANO,COMPLETA,11001,BOGOTÁ D.C.,11,BOGOTÁ,56,64,3,63,85,3,51,61,2,34,18,1,61,85,A2,259,61
TI,COLOMBIA,M,02/27/2002 12:00:00 AM,SB11201940288552,Si,SUCRE,70,SAMPUÉS,70670,Estrato 2,-,,Secundaria (Bachillerato) incompleta,Técnica o tecnológica incompleta,-,,Si,Si,-,,-,,-,,0 A 10 LIBROS,Entre 30 y 60 minutos,Entre 30 y 60 minutos,-,109249,I.E. MILLAN VARGAS,MIXTO,OFICIAL,ACADÉMICO,URBANO,MAÑANA,70670,SAMPUÉS,70,SUCRE,57,67,3,54,61,3,56,76,3,37,25,1,62,86,A2,259,61
CC,COLOMBIA,M,01/10/2001 00:00,SB11201940432682,No,CORDOBA,23,LA APARTADA,23350,Estrato 2,3 a 4,Dos,Secundaria (Bachillerato) incompleta,Secundaria (Bachillerato) completa,"Trabaja como personal de limpieza, mantenimiento, seguridad o construcción",Es vendedor o trabaja en atención al público,No,Si,No,Si,Si,No,No,No,0 A 10 LIBROS,30 minutos o menos,Entre 30 y 60 minutos,Menos de 10 horas,115477,IE LUIS FERNANDO GONZALEZ B (ANTES SAN JOSE),MIXTO,OFICIAL,ACADÉMICO,URBANO,MAÑANA,23350,LA APARTADA,23,CORDOBA,56,64,3,55,63,3,51,63,2,29,6,1,43,36,A-,237,45
TI,COLOMBIA,M,07/08/2003 00:00,SB11201940238362,No,ATLANTICO,8,SOLEDAD,8758,Estrato 1,3 a 4,Tres,Secundaria (Bachillerato) incompleta,Secundaria (Bachillerato) completa,Pensionado,"Es dueño de un negocio pequeño (tiene pocos empleados o no tiene, por ejemplo tienda, papelería, etc",Si,Si,Si,Si,Si,Si,Si,Si,0 A 10 LIBROS,Entre 30 y 60 minutos,Entre 1 y 3 horas,0,599118,INSTITUTO TECNICO EDGAR MORIN,MIXTO,NO OFICIAL,TÉCNICO,URBANO,MAÑANA,8758,SOLEDAD,8,ATLANTICO,62,83,3,65,88,3,55,73,2,52,68,2,68,93,B1,296,82
TI,COLOMBIA,M,12/14/2001 12:00:00 AM,SB11201940595399,No,ATLANTICO,8,BARRANQUILLA,8001,Estrato 4,1 a 2,Dos,Educación profesional incompleta,Técnica o tecnológica completa,"Trabaja por cuenta propia (por ejemplo plomero, electricista)","Trabaja como personal de limpieza, mantenimiento, seguridad o construcción",Si,Si,No,Si,No,Si,No,Si,0 A 10 LIBROS,No leo por entretenimiento,Más de 3 horas,0,595942,COLEGIO SANTA CECILIA,MIXTO,NO OFICIAL,ACADÉMICO,URBANO,COMPLETA,8001,BARRANQUILLA,8,ATLANTICO,56,62,3,53,57,3,44,37,2,60,86,3,61,85,A2,269,67
CC,COLOMBIA,M,01/21/1999 12:00:00 AM,SB11201940413176,No,ARAUCA,81,ARAUCA,81001,Estrato 4,3 a 4,Tres,Secundaria (Bachillerato) incompleta,Técnica o tecnológica incompleta,No aplica,"Trabaja como personal de limpieza, mantenimiento, seguridad o construcción",No,No,No,Si,No,No,Si,No,0 A 10 LIBROS,No leo por entretenimiento,No Navega Internet,0,50302,I.E.A. MUNICIPAL,MIXTO,OFICIAL,TÉCNICO,RURAL,MAÑANA,81001,ARAUCA,81,ARAUCA,41,15,2,26,2,1,37,17,1,30,8,1,44,39,A-,172,7
TI,COLOMBIA,M,01/01/1900 00:00,SB11201940156058,No,CORDOBA,23,CIÉNAGA DE ORO,23189,Estrato 2,7 a 8,Tres,Primaria completa,Primaria incompleta,"Es agricultor, pesquero o jornalero",Es vendedor o trabaja en atención al público,No,No,No,Si,No,No,Si,No,0 A 10 LIBROS,No leo por entretenimiento,30 minutos o menos,Menos de 10 horas,135681,INSTITUCION EDUCATIVA EL SIGLO,MIXTO,OFICIAL,ACADÉMICO,RURAL,MAÑANA,23189,CIÉNAGA DE ORO,23,CORDOBA,53,51,3,46,37,2,52,65,2,38,30,1,40,28,A-,233,43
CC,COLOMBIA,M,06/09/1966 00:00,SB11201940523005,No,CUNDINAMARCA,25,SOACHA,25754,-,5 a 6,Cuatro,-,,"Es agricultor, pesquero o jornalero","Trabaja en el hogar, no trabaja o estudia",-,,Si,Si,Si,No,Si,Si,-,-,,Más de 30 horas,662320,INSTITUCION EDUCATIVA CIUDADELA  SUCRE,MIXTO,OFICIAL,ACADÉMICO,URBANO,SABATINA,25754,SOACHA,25,CUNDINAMARCA,33,4,1,33,8,1,25,1,1,35,20,1,32,8,A-,158,3
TI,COLOMBIA,M,07/10/2001 00:00,SB11201940485830,No,LA GUAJIRA,44,BARRANCAS,44078,Estrato 2,3 a 4,Tres,Secundaria (Bachillerato) completa,Educación profesional completa,"Trabaja en el hogar, no trabaja o estudia","Tiene un trabajo de tipo auxiliar administrativo (por ejemplo, secretario o asistente)",No,Si,Si,Si,No,No,No,No,0 A 10 LIBROS,30 minutos o menos,30 minutos o menos,0,31815,INSTITUCI¿N EDUCATIVA PAULO VI,MIXTO,OFICIAL,ACADÉMICO,URBANO,MAÑANA,44078,BARRANCAS,44,LA GUAJIRA,39,12,2,27,2,1,38,17,1,32,11,1,43,36,A-,173,7
TI,COLOMBIA,M,03/04/2003 00:00,SB11201940295865,No,CORDOBA,23,SAHAGÚN,23660,Estrato 2,5 a 6,Tres,No sabe,Primaria incompleta,No aplica,"Trabaja como personal de limpieza, mantenimiento, seguridad o construcción",No,Si,Si,Si,No,No,No,No,0 A 10 LIBROS,30 minutos o menos,30 minutos o menos,0,705996,INSTITUCION EDUCATIVA RANCHERIA,MIXTO,OFICIAL,NO APLICA,URBANO,UNICA,23660,SAHAGÚN,23,CORDOBA,63,83,3,59,75,3,61,87,3,59,84,3,54,69,A1,300,84
TI,COLOMBIA,M,01/21/2002 12:00:00 AM,SB11201940382507,No,SUCRE,70,SINCELEJO,70001,Estrato 1,5 a 6,Dos,Primaria incompleta,Primaria incompleta,No aplica,"Trabaja en el hogar, no trabaja o estudia",Si,No,Si,Si,No,No,No,No,0 A 10 LIBROS,30 minutos o menos,Entre 1 y 3 horas,Menos de 10 horas,87171,INSTITUCION EDUCATIVA RAFAEL NU¿EZ,MIXTO,OFICIAL,TÉCNICO/ACADÉMICO,URBANO,MAÑANA,70001,SINCELEJO,70,SUCRE,42,17,2,47,38,2,50,59,2,39,32,1,38,22,A-,220,33
TI,COLOMBIA,M,05/30/2003 12:00:00 AM,SB11201940421918,No,META,50,PUERTO LÓPEZ,50573,Estrato 3,3 a 4,Dos,Primaria incompleta,Primaria incompleta,"Es agricultor, pesquero o jornalero","Trabaja en el hogar, no trabaja o estudia",No,Si,Si,Si,Si,No,Si,No,11 A 25 LIBROS,Entre 30 y 60 minutos,Entre 1 y 3 horas,0,28589,IE ENRIQUE OLAYA HERRERA,MIXTO,OFICIAL,TÉCNICO/ACADÉMICO,URBANO,MAÑANA,50573,PUERTO LÓPEZ,50,META,62,81,3,65,89,3,50,58,2,46,53,2,45,41,A-,275,71
CC,COLOMBIA,M,07/16/1986 12:00:00 AM,SB11201940120342,No,CUNDINAMARCA,25,NOCAIMA,25491,Estrato 2,3 a 4,-,Ninguno,Primaria incompleta,"Trabaja como personal de limpieza, mantenimiento, seguridad o construcción","Trabaja en el hogar, no trabaja o estudia",No,Si,Si,No,No,No,No,No,-,No leo por entretenimiento,Entre 30 y 60 minutos,Más de 30 horas,661702,INSTITUCION EDUCATIVA DEPARTAMENTAL,MIXTO,OFICIAL,ACADÉMICO,URBANO,SABATINA,25491,NOCAIMA,25,CUNDINAMARCA,52,49,3,28,3,1,45,42,2,42,41,2,25,2,A-,202,22
TI,COLOMBIA,M,09/18/2001 12:00:00 AM,SB11201940537916,No,SANTANDER,68,BARRANCABERMEJA,68081,Estrato 1,3 a 4,Dos,Secundaria (Bachillerato) completa,Secundaria (Bachillerato) incompleta,"Es agricultor, pesquero o jornalero","Trabaja en el hogar, no trabaja o estudia",No,Si,No,Si,No,No,Si,No,0 A 10 LIBROS,No leo por entretenimiento,30 minutos o menos,0,511469,INSTITUCION EDUCATIVA SAN MARCOS EL LLANITO,MIXTO,OFICIAL,ACADÉMICO,RURAL,TARDE,68081,BARRANCABERMEJA,68,SANTANDER,60,78,3,61,81,3,55,73,2,51,66,2,48,50,A1,280,74
